castsource|casttarget|provolatile|proleakproof
20|21|i|f
20|23|i|f
20|700|i|f
20|701|i|f
20|1700|i|f
21|20|i|f
21|23|i|f
21|700|i|f
21|701|i|f
21|1700|i|f
23|20|i|f
23|21|i|f
23|700|i|f
23|701|i|f
23|1700|i|f
700|20|i|f
700|21|i|f
700|23|i|f
700|701|i|f
700|1700|i|f
701|20|i|f
701|21|i|f
701|23|i|f
701|700|i|f
701|1700|i|f
1700|20|i|f
1700|21|i|f
1700|23|i|f
1700|700|i|f
1700|701|i|f
790|1700|s|f
1700|790|s|f
23|790|s|f
20|790|s|f
23|16|i|f
16|23|i|f
20|26|i|f
21|26|i|f
26|20|i|f
20|24|i|f
21|24|i|f
24|20|i|f
20|2202|i|f
21|2202|i|f
2202|20|i|f
20|2203|i|f
21|2203|i|f
2203|20|i|f
20|2204|i|f
21|2204|i|f
2204|20|i|f
20|2205|i|f
21|2205|i|f
2205|20|i|f
20|2206|i|f
21|2206|i|f
2206|20|i|f
20|3734|i|f
21|3734|i|f
3734|20|i|f
20|3769|i|f
21|3769|i|f
3769|20|i|f
25|2205|s|f
1043|2205|s|f
20|4096|i|f
21|4096|i|f
4096|20|i|f
20|4089|i|f
21|4089|i|f
4089|20|i|f
1042|25|i|f
1042|1043|i|f
18|25|i|f
18|1042|i|f
18|1043|i|f
19|25|i|f
19|1042|i|f
19|1043|i|f
25|18|i|f
1042|18|i|f
1043|18|i|f
25|19|i|f
1042|19|i|f
1043|19|i|f
18|23|i|f
23|18|i|f
702|1082|s|f
702|1083|s|f
702|1114|s|f
702|1184|i|f
703|1186|i|f
1082|1114|i|f
1082|1184|s|f
1083|1186|i|f
1083|1266|s|f
1114|702|s|f
1114|1082|i|f
1114|1083|i|f
1114|1184|s|f
1184|702|i|f
1184|1082|s|f
1184|1083|s|f
1184|1114|s|f
1184|1266|s|f
1186|703|i|f
1186|1083|i|f
1266|1083|i|f
600|603|i|f
601|600|i|f
602|600|i|f
602|604|i|f
603|600|i|f
603|601|i|f
603|604|i|f
603|718|i|f
604|600|i|f
604|602|i|f
604|603|i|f
604|718|i|f
718|600|i|f
718|603|i|f
718|604|i|f
829|774|i|f
774|829|i|f
869|650|i|f
20|1560|i|f
23|1560|i|f
1560|20|i|f
1560|23|i|f
650|25|i|f
869|25|i|f
16|25|i|f
25|142|s|f
650|1043|i|f
869|1043|i|f
16|1043|i|f
1043|142|s|f
650|1042|i|f
869|1042|i|f
16|1042|i|f
1042|142|s|f
1042|1042|i|f
1043|1043|i|f
1083|1083|i|f
1114|1114|i|f
1184|1184|i|f
1186|1186|i|f
1266|1266|i|f
1560|1560|i|f
1562|1562|i|f
1700|1700|i|f
