{
  "node_id": 1,
  "address": {
    "network_field": "tcp",
    "address_field": "10.142.0.48:26257"
  },
  "build_info": {
    "go_version": "go1.19.13",
    "tag": "v23.1.12",
    "time": "2023/11/09 06:15:38",
    "revision": "d7e9824b4cd6ebf7a8548156f2a772ae6648257d",
    "cgo_compiler": "gcc 6.5.0",
    "cgo_target_triple": "x86_64-pc-linux-gnu",
    "platform": "linux amd64",
    "distribution": "CCL",
    "type": "release",
    "channel": "official-binary",
    "env_channel": "unknown",
    "enabled_assertions": false
  },
  "system_info": {
    "system_info": "Linux silvano-cluster-0001 5.15.0-1039-gcp #47~20.04.1-Ubuntu SMP Thu Jul 27 22:40:03 UTC 2023 x86_64 x86_64 x86_64 GNU/Linux",
    "kernel_info": "5.15.0-1039-gcp"
  },
  "sql_address": {
    "network_field": "tcp",
    "address_field": "10.142.0.48:26257"
  }
}
