{
	"operation": "traced statement",
	"tags": {
		"_verbose": "1",
		"client": "10.142.0.156:58418",
		"node": "3",
		"user": "root"
	},
	"startTime": "2022-06-15T02:30:21.224658075Z",
	"duration": "0.054256363s",
	"logs": [
		{
			"time": "2022-06-15T02:30:21.224718518Z",
			"deprecatedFields": [
				{
					"key": "event",
					"value": "‹sql/catalog/lease/descriptor_version_state.go:123 [n3,client=10.142.0.156:58418,user=root] descriptorVersionState.incRefCount: 104(\"tpcc\") ver=1:1655260407.227636026,0, refcount=15›"
				}
			],
			"message": "‹sql/catalog/lease/descriptor_version_state.go:123 [n3,client=10.142.0.156:58418,user=root] descriptorVersionState.incRefCount: 104(\"tpcc\") ver=1:1655260407.227636026,0, refcount=15›"
		},
		{
			"time": "2022-06-15T02:30:21.224754093Z",
			"deprecatedFields": [
				{
					"key": "event",
					"value": "‹sql/catalog/descs/descriptor.go:98 [n3,client=10.142.0.156:58418,user=root] looking up descriptors for ids [105]›"
				}
			],
			"message": "‹sql/catalog/descs/descriptor.go:98 [n3,client=10.142.0.156:58418,user=root] looking up descriptors for ids [105]›"
		},
		{
			"time": "2022-06-15T02:30:21.224779142Z",
			"deprecatedFields": [
				{
					"key": "event",
					"value": "‹sql/catalog/lease/descriptor_version_state.go:123 [n3,client=10.142.0.156:58418,user=root] descriptorVersionState.incRefCount: 105(\"public\") ver=1:1655260383.381992121,0, refcount=14›"
				}
			],
			"message": "‹sql/catalog/lease/descriptor_version_state.go:123 [n3,client=10.142.0.156:58418,user=root] descriptorVersionState.incRefCount: 105(\"public\") ver=1:1655260383.381992121,0, refcount=14›"
		},
		{
			"time": "2022-06-15T02:30:21.224801675Z",
			"deprecatedFields": [
				{
					"key": "event",
					"value": "‹sql/catalog/lease/descriptor_version_state.go:123 [n3,client=10.142.0.156:58418,user=root] descriptorVersionState.incRefCount: 106(\"warehouse\") ver=7:1655260379.197509148,0, refcount=11›"
				}
			],
			"message": "‹sql/catalog/lease/descriptor_version_state.go:123 [n3,client=10.142.0.156:58418,user=root] descriptorVersionState.incRefCount: 106(\"warehouse\") ver=7:1655260379.197509148,0, refcount=11›"
		},
		{
			"time": "2022-06-15T02:30:21.224830546Z",
			"deprecatedFields": [
				{
					"key": "event",
					"value": "‹sql/plan_opt.go:360 [n3,client=10.142.0.156:58418,user=root] reusing cached memo›"
				}
			],
			"message": "‹sql/plan_opt.go:360 [n3,client=10.142.0.156:58418,user=root] reusing cached memo›"
		},
		{
			"time": "2022-06-15T02:30:21.225853694Z",
			"deprecatedFields": [
				{
					"key": "event",
					"value": "‹sql/conn_executor_exec.go:688 [n3,client=10.142.0.156:58418,user=root] planning ends›"
				}
			],
			"message": "‹sql/conn_executor_exec.go:688 [n3,client=10.142.0.156:58418,user=root] planning ends›"
		},
		{
			"time": "2022-06-15T02:30:21.225878976Z",
			"deprecatedFields": [
				{
					"key": "event",
					"value": "‹sql/conn_executor_exec.go:688 [n3,client=10.142.0.156:58418,user=root] checking distributability›"
				}
			],
			"message": "‹sql/conn_executor_exec.go:688 [n3,client=10.142.0.156:58418,user=root] checking distributability›"
		},
		{
			"time": "2022-06-15T02:30:21.226063354Z",
			"deprecatedFields": [
				{
					"key": "event",
					"value": "‹sql/exec_util.go:1631 [n3,client=10.142.0.156:58418,user=root] query not supported for distSQL: unsupported node›"
				}
			],
			"message": "‹sql/exec_util.go:1631 [n3,client=10.142.0.156:58418,user=root] query not supported for distSQL: unsupported node›"
		},
		{
			"time": "2022-06-15T02:30:21.226085110Z",
			"deprecatedFields": [
				{
					"key": "event",
					"value": "‹sql/conn_executor_exec.go:688 [n3,client=10.142.0.156:58418,user=root] will distribute plan: false›"
				}
			],
			"message": "‹sql/conn_executor_exec.go:688 [n3,client=10.142.0.156:58418,user=root] will distribute plan: false›"
		},
		{
			"time": "2022-06-15T02:30:21.226101060Z",
			"deprecatedFields": [
				{
					"key": "event",
					"value": "‹sql/conn_executor_exec.go:688 [n3,client=10.142.0.156:58418,user=root] executing after 0 retries, last retry reason: \u003cnil\u003e›"
				}
			],
			"message": "‹sql/conn_executor_exec.go:688 [n3,client=10.142.0.156:58418,user=root] executing after 0 retries, last retry reason: \u003cnil\u003e›"
		},
		{
			"time": "2022-06-15T02:30:21.226119125Z",
			"deprecatedFields": [
				{
					"key": "event",
					"value": "‹sql/conn_executor_exec.go:688 [n3,client=10.142.0.156:58418,user=root] execution starts: distributed engine›"
				}
			],
			"message": "‹sql/conn_executor_exec.go:688 [n3,client=10.142.0.156:58418,user=root] execution starts: distributed engine›"
		},
		{
			"time": "2022-06-15T02:30:21.226140483Z",
			"deprecatedFields": [
				{
					"key": "event",
					"value": "‹sql/distsql_running.go:1435 [n3,client=10.142.0.156:58418,user=root] creating DistSQL plan with isLocal=true›"
				}
			],
			"message": "‹sql/distsql_running.go:1435 [n3,client=10.142.0.156:58418,user=root] creating DistSQL plan with isLocal=true›"
		},
		{
			"time": "2022-06-15T02:30:21.226386589Z",
			"deprecatedFields": [
				{
					"key": "event",
					"value": "‹sql/distsql_running.go:513 [n3,client=10.142.0.156:58418,user=root] running DistSQL plan›"
				}
			],
			"message": "‹sql/distsql_running.go:513 [n3,client=10.142.0.156:58418,user=root] running DistSQL plan›"
		},
		{
			"time": "2022-06-15T02:30:21.227232338Z",
			"deprecatedFields": [
				{
					"key": "event",
					"value": "‹sql/distsql_physical_planner.go:853 [n3,client=10.142.0.156:58418,user=root] creating plan diagram›"
				}
			],
			"message": "‹sql/distsql_physical_planner.go:853 [n3,client=10.142.0.156:58418,user=root] creating plan diagram›"
		},
		{
			"time": "2022-06-15T02:30:21.278856827Z",
			"deprecatedFields": [
				{
					"key": "event",
					"value": "‹sql/conn_executor_exec.go:688 [n3,client=10.142.0.156:58418,user=root] execution ends›"
				}
			],
			"message": "‹sql/conn_executor_exec.go:688 [n3,client=10.142.0.156:58418,user=root] execution ends›"
		},
		{
			"time": "2022-06-15T02:30:21.278865513Z",
			"deprecatedFields": [
				{
					"key": "event",
					"value": "‹sql/conn_executor_exec.go:688 [n3,client=10.142.0.156:58418,user=root] rows affected: 1›"
				}
			],
			"message": "‹sql/conn_executor_exec.go:688 [n3,client=10.142.0.156:58418,user=root] rows affected: 1›"
		}
	],
	"children": [
		{
			"operation": "flow",
			"tags": {
				"_verbose": "1",
				"client": "10.142.0.156:58418",
				"node": "3",
				"user": "root"
			},
			"startTime": "2022-06-15T02:30:21.226391295Z",
			"duration": "0.052434539s",
			"logs": [
				{
					"time": "2022-06-15T02:30:21.226420566Z",
					"deprecatedFields": [
						{
							"key": "event",
							"value": "‹sql/colflow/vectorized_flow.go:185 [n3,client=10.142.0.156:58418,user=root] setting up vectorized flow›"
						}
					],
					"message": "‹sql/colflow/vectorized_flow.go:185 [n3,client=10.142.0.156:58418,user=root] setting up vectorized flow›"
				},
				{
					"time": "2022-06-15T02:30:21.226591402Z",
					"deprecatedFields": [
						{
							"key": "event",
							"value": "‹sql/colexec/colbuilder/execplan.go:530 [n3,client=10.142.0.156:58418,user=root] planning a row-execution processor in the vectorized flow: unable to columnarize render expression \"crdb_internal.assignment_cast(w_ytd::DECIMAL + 260.16, NULL::DECIMAL(12,2))\": builtins with FnWithExprs are not supported in the vectorized engine›"
						}
					],
					"message": "‹sql/colexec/colbuilder/execplan.go:530 [n3,client=10.142.0.156:58418,user=root] planning a row-execution processor in the vectorized flow: unable to columnarize render expression \"crdb_internal.assignment_cast(w_ytd::DECIMAL + 260.16, NULL::DECIMAL(12,2))\": builtins with FnWithExprs are not supported in the vectorized engine›"
				},
				{
					"time": "2022-06-15T02:30:21.227023462Z",
					"deprecatedFields": [
						{
							"key": "event",
							"value": "‹sql/colexec/colbuilder/execplan.go:530 [n3,client=10.142.0.156:58418,user=root] planning a row-execution processor in the vectorized flow: LocalPlanNode core needs to be wrapped›"
						}
					],
					"message": "‹sql/colexec/colbuilder/execplan.go:530 [n3,client=10.142.0.156:58418,user=root] planning a row-execution processor in the vectorized flow: LocalPlanNode core needs to be wrapped›"
				},
				{
					"time": "2022-06-15T02:30:21.227217682Z",
					"deprecatedFields": [
						{
							"key": "event",
							"value": "‹sql/colflow/vectorized_flow.go:235 [n3,client=10.142.0.156:58418,user=root] vectorized flow setup succeeded›"
						}
					],
					"message": "‹sql/colflow/vectorized_flow.go:235 [n3,client=10.142.0.156:58418,user=root] vectorized flow setup succeeded›"
				},
				{
					"time": "2022-06-15T02:30:21.227542156Z",
					"deprecatedFields": [
						{
							"key": "event",
							"value": "‹sql/flowinfra/flow.go:391 [n3,client=10.142.0.156:58418,user=root] starting (0 processors, 0 startables) asynchronously›"
						}
					],
					"message": "‹sql/flowinfra/flow.go:391 [n3,client=10.142.0.156:58418,user=root] starting (0 processors, 0 startables) asynchronously›"
				},
				{
					"time": "2022-06-15T02:30:21.227555749Z",
					"deprecatedFields": [
						{
							"key": "event",
							"value": "‹sql/colflow/vectorized_flow.go:261 [n3,client=10.142.0.156:58418,user=root] running the batch flow coordinator in the flow's goroutine›"
						}
					],
					"message": "‹sql/colflow/vectorized_flow.go:261 [n3,client=10.142.0.156:58418,user=root] running the batch flow coordinator in the flow's goroutine›"
				},
				{
					"time": "2022-06-15T02:30:21.278824061Z",
					"deprecatedFields": [
						{
							"key": "event",
							"value": "‹component:\u003cflow_id:\u003c78f8352c-e4f2-4f26-9046-ef04d8e43359\u003e type:FLOW id:0 sql_instance_id:3 \u003e net_rx:\u003clatency:\u003c\u003e wait_time:\u003c\u003e deserialization_time:\u003c\u003e tuples_received:\u003c\u003e bytes_received:\u003c\u003e messages_received:\u003c\u003e \u003e net_tx:\u003ctuples_sent:\u003c\u003e bytes_sent:\u003c\u003e messages_sent:\u003c\u003e \u003e kv:\u003cbytes_read:\u003c\u003e tuples_read:\u003c\u003e kv_time:\u003c\u003e contention_time:\u003c\u003e num_interface_steps:\u003c\u003e num_internal_steps:\u003c\u003e num_interface_seeks:\u003c\u003e num_internal_seeks:\u003c\u003e \u003e exec:\u003cexec_time:\u003c\u003e max_allocated_mem:\u003c\u003e max_allocated_disk:\u003c\u003e \u003e output:\u003cnum_batches:\u003c\u003e num_tuples:\u003c\u003e \u003e flow_stats:\u003cmax_mem_usage:\u003cvalue_plus_one:40961 \u003e max_disk_usage:\u003cvalue_plus_one:1 \u003e \u003e›"
						}
					],
					"message": "‹component:\u003cflow_id:\u003c78f8352c-e4f2-4f26-9046-ef04d8e43359\u003e type:FLOW id:0 sql_instance_id:3 \u003e net_rx:\u003clatency:\u003c\u003e wait_time:\u003c\u003e deserialization_time:\u003c\u003e tuples_received:\u003c\u003e bytes_received:\u003c\u003e messages_received:\u003c\u003e \u003e net_tx:\u003ctuples_sent:\u003c\u003e bytes_sent:\u003c\u003e messages_sent:\u003c\u003e \u003e kv:\u003cbytes_read:\u003c\u003e tuples_read:\u003c\u003e kv_time:\u003c\u003e contention_time:\u003c\u003e num_interface_steps:\u003c\u003e num_internal_steps:\u003c\u003e num_interface_seeks:\u003c\u003e num_internal_seeks:\u003c\u003e \u003e exec:\u003cexec_time:\u003c\u003e max_allocated_mem:\u003c\u003e max_allocated_disk:\u003c\u003e \u003e output:\u003cnum_batches:\u003c\u003e num_tuples:\u003c\u003e \u003e flow_stats:\u003cmax_mem_usage:\u003cvalue_plus_one:40961 \u003e max_disk_usage:\u003cvalue_plus_one:1 \u003e \u003e›"
				}
			],
			"structuredRecords": [
				{
					"time": "2022-06-15T02:30:21.278788232Z",
					"payload": {
						"@type": "type.googleapis.com/cockroach.sql.distsqlrun.ComponentStats",
						"component": {
							"flowId": "78f8352c-e4f2-4f26-9046-ef04d8e43359",
							"type": "FLOW",
							"sqlInstanceId": 3
						},
						"netRx": {
							"latency": {

							},
							"waitTime": {

							},
							"deserializationTime": {

							},
							"tuplesReceived": {

							},
							"bytesReceived": {

							},
							"messagesReceived": {

							}
						},
						"netTx": {
							"tuplesSent": {

							},
							"bytesSent": {

							},
							"messagesSent": {

							}
						},
						"kv": {
							"bytesRead": {

							},
							"tuplesRead": {

							},
							"kvTime": {

							},
							"contentionTime": {

							},
							"numInterfaceSteps": {

							},
							"numInternalSteps": {

							},
							"numInterfaceSeeks": {

							},
							"numInternalSeeks": {

							}
						},
						"exec": {
							"execTime": {

							},
							"maxAllocatedMem": {

							},
							"maxAllocatedDisk": {

							}
						},
						"output": {
							"numBatches": {

							},
							"numTuples": {

							}
						},
						"flowStats": {
							"maxMemUsage": {
								"valuePlusOne": "40961"
							},
							"maxDiskUsage": {
								"valuePlusOne": "1"
							}
						}
					}
				}
			]
		},
		{
			"operation": "batch flow coordinator",
			"tags": {
				"_unfinished": "1",
				"_verbose": "1",
				"client": "10.142.0.156:58418",
				"cockroach.flowid": "78f8352c-e4f2-4f26-9046-ef04d8e43359",
				"cockroach.processorid": "1",
				"node": "3",
				"user": "root"
			},
			"startTime": "2022-06-15T02:30:21.227557368Z",
			"duration": "0.051207801s",
			"logs": [
				{
					"time": "2022-06-15T02:30:21.264665848Z",
					"deprecatedFields": [
						{
							"key": "event",
							"value": "‹component:\u003cflow_id:\u003c78f8352c-e4f2-4f26-9046-ef04d8e43359\u003e type:PROCESSOR id:0 sql_instance_id:3 \u003e net_rx:\u003clatency:\u003c\u003e wait_time:\u003c\u003e deserialization_time:\u003c\u003e tuples_received:\u003c\u003e bytes_received:\u003c\u003e messages_received:\u003c\u003e \u003e net_tx:\u003ctuples_sent:\u003c\u003e bytes_sent:\u003c\u003e messages_sent:\u003c\u003e \u003e kv:\u003cbytes_read:\u003cvalue_plus_one:55 \u003e tuples_read:\u003cvalue_plus_one:2 \u003e kv_time:\u003cvalue_plus_one:\u003cnanos:36228487 \u003e \u003e contention_time:\u003cvalue_plus_one:\u003cnanos:1 \u003e \u003e num_interface_steps:\u003cvalue_plus_one:1 \u003e num_internal_steps:\u003cvalue_plus_one:1 \u003e num_interface_seeks:\u003cvalue_plus_one:4 \u003e num_internal_seeks:\u003cvalue_plus_one:4 \u003e \u003e exec:\u003cexec_time:\u003c\u003e max_allocated_mem:\u003cvalue_plus_one:20481 \u003e max_allocated_disk:\u003c\u003e \u003e output:\u003cnum_batches:\u003cvalue_plus_one:2 \u003e num_tuples:\u003cvalue_plus_one:2 \u003e \u003e inputs:\u003cnum_tuples:\u003cvalue_plus_one:2 \u003e wait_time:\u003cvalue_plus_one:\u003cnanos:28023147 \u003e \u003e \u003e flow_stats:\u003cmax_mem_usage:\u003c\u003e max_disk_usage:\u003c\u003e \u003e›"
						}
					],
					"message": "‹component:\u003cflow_id:\u003c78f8352c-e4f2-4f26-9046-ef04d8e43359\u003e type:PROCESSOR id:0 sql_instance_id:3 \u003e net_rx:\u003clatency:\u003c\u003e wait_time:\u003c\u003e deserialization_time:\u003c\u003e tuples_received:\u003c\u003e bytes_received:\u003c\u003e messages_received:\u003c\u003e \u003e net_tx:\u003ctuples_sent:\u003c\u003e bytes_sent:\u003c\u003e messages_sent:\u003c\u003e \u003e kv:\u003cbytes_read:\u003cvalue_plus_one:55 \u003e tuples_read:\u003cvalue_plus_one:2 \u003e kv_time:\u003cvalue_plus_one:\u003cnanos:36228487 \u003e \u003e contention_time:\u003cvalue_plus_one:\u003cnanos:1 \u003e \u003e num_interface_steps:\u003cvalue_plus_one:1 \u003e num_internal_steps:\u003cvalue_plus_one:1 \u003e num_interface_seeks:\u003cvalue_plus_one:4 \u003e num_internal_seeks:\u003cvalue_plus_one:4 \u003e \u003e exec:\u003cexec_time:\u003c\u003e max_allocated_mem:\u003cvalue_plus_one:20481 \u003e max_allocated_disk:\u003c\u003e \u003e output:\u003cnum_batches:\u003cvalue_plus_one:2 \u003e num_tuples:\u003cvalue_plus_one:2 \u003e \u003e inputs:\u003cnum_tuples:\u003cvalue_plus_one:2 \u003e wait_time:\u003cvalue_plus_one:\u003cnanos:28023147 \u003e \u003e \u003e flow_stats:\u003cmax_mem_usage:\u003c\u003e max_disk_usage:\u003c\u003e \u003e›"
				},
				{
					"time": "2022-06-15T02:30:21.278761766Z",
					"deprecatedFields": [
						{
							"key": "event",
							"value": "‹component:\u003cflow_id:\u003c78f8352c-e4f2-4f26-9046-ef04d8e43359\u003e type:PROCESSOR id:1 sql_instance_id:3 \u003e net_rx:\u003clatency:\u003c\u003e wait_time:\u003c\u003e deserialization_time:\u003c\u003e tuples_received:\u003c\u003e bytes_received:\u003c\u003e messages_received:\u003c\u003e \u003e net_tx:\u003ctuples_sent:\u003c\u003e bytes_sent:\u003c\u003e messages_sent:\u003c\u003e \u003e kv:\u003cbytes_read:\u003c\u003e tuples_read:\u003c\u003e kv_time:\u003c\u003e contention_time:\u003c\u003e num_interface_steps:\u003c\u003e num_internal_steps:\u003c\u003e num_interface_seeks:\u003c\u003e num_internal_seeks:\u003c\u003e \u003e exec:\u003cexec_time:\u003cvalue_plus_one:\u003cnanos:14824022 \u003e \u003e max_allocated_mem:\u003c\u003e max_allocated_disk:\u003c\u003e \u003e output:\u003cnum_batches:\u003cvalue_plus_one:2 \u003e num_tuples:\u003cvalue_plus_one:2 \u003e \u003e flow_stats:\u003cmax_mem_usage:\u003c\u003e max_disk_usage:\u003c\u003e \u003e›"
						}
					],
					"message": "‹component:\u003cflow_id:\u003c78f8352c-e4f2-4f26-9046-ef04d8e43359\u003e type:PROCESSOR id:1 sql_instance_id:3 \u003e net_rx:\u003clatency:\u003c\u003e wait_time:\u003c\u003e deserialization_time:\u003c\u003e tuples_received:\u003c\u003e bytes_received:\u003c\u003e messages_received:\u003c\u003e \u003e net_tx:\u003ctuples_sent:\u003c\u003e bytes_sent:\u003c\u003e messages_sent:\u003c\u003e \u003e kv:\u003cbytes_read:\u003c\u003e tuples_read:\u003c\u003e kv_time:\u003c\u003e contention_time:\u003c\u003e num_interface_steps:\u003c\u003e num_internal_steps:\u003c\u003e num_interface_seeks:\u003c\u003e num_internal_seeks:\u003c\u003e \u003e exec:\u003cexec_time:\u003cvalue_plus_one:\u003cnanos:14824022 \u003e \u003e max_allocated_mem:\u003c\u003e max_allocated_disk:\u003c\u003e \u003e output:\u003cnum_batches:\u003cvalue_plus_one:2 \u003e num_tuples:\u003cvalue_plus_one:2 \u003e \u003e flow_stats:\u003cmax_mem_usage:\u003c\u003e max_disk_usage:\u003c\u003e \u003e›"
				}
			],
			"structuredRecords": [
				{
					"time": "2022-06-15T02:30:21.264530057Z",
					"payload": {
						"@type": "type.googleapis.com/cockroach.sql.distsqlrun.ComponentStats",
						"component": {
							"flowId": "78f8352c-e4f2-4f26-9046-ef04d8e43359",
							"type": "PROCESSOR",
							"sqlInstanceId": 3
						},
						"netRx": {
							"latency": {

							},
							"waitTime": {

							},
							"deserializationTime": {

							},
							"tuplesReceived": {

							},
							"bytesReceived": {

							},
							"messagesReceived": {

							}
						},
						"netTx": {
							"tuplesSent": {

							},
							"bytesSent": {

							},
							"messagesSent": {

							}
						},
						"kv": {
							"bytesRead": {
								"valuePlusOne": "55"
							},
							"tuplesRead": {
								"valuePlusOne": "2"
							},
							"kvTime": {
								"valuePlusOne": "0.036228487s"
							},
							"contentionTime": {
								"valuePlusOne": "0.000000001s"
							},
							"numInterfaceSteps": {
								"valuePlusOne": "1"
							},
							"numInternalSteps": {
								"valuePlusOne": "1"
							},
							"numInterfaceSeeks": {
								"valuePlusOne": "4"
							},
							"numInternalSeeks": {
								"valuePlusOne": "4"
							}
						},
						"exec": {
							"execTime": {

							},
							"maxAllocatedMem": {
								"valuePlusOne": "20481"
							},
							"maxAllocatedDisk": {

							}
						},
						"output": {
							"numBatches": {
								"valuePlusOne": "2"
							},
							"numTuples": {
								"valuePlusOne": "2"
							}
						},
						"inputs": [
							{
								"numTuples": {
									"valuePlusOne": "2"
								},
								"waitTime": {
									"valuePlusOne": "0.028023147s"
								}
							}
						],
						"flowStats": {
							"maxMemUsage": {

							},
							"maxDiskUsage": {

							}
						}
					}
				},
				{
					"time": "2022-06-15T02:30:21.278688377Z",
					"payload": {
						"@type": "type.googleapis.com/cockroach.sql.distsqlrun.ComponentStats",
						"component": {
							"flowId": "78f8352c-e4f2-4f26-9046-ef04d8e43359",
							"type": "PROCESSOR",
							"id": 1,
							"sqlInstanceId": 3
						},
						"netRx": {
							"latency": {

							},
							"waitTime": {

							},
							"deserializationTime": {

							},
							"tuplesReceived": {

							},
							"bytesReceived": {

							},
							"messagesReceived": {

							}
						},
						"netTx": {
							"tuplesSent": {

							},
							"bytesSent": {

							},
							"messagesSent": {

							}
						},
						"kv": {
							"bytesRead": {

							},
							"tuplesRead": {

							},
							"kvTime": {

							},
							"contentionTime": {

							},
							"numInterfaceSteps": {

							},
							"numInternalSteps": {

							},
							"numInterfaceSeeks": {

							},
							"numInternalSeeks": {

							}
						},
						"exec": {
							"execTime": {
								"valuePlusOne": "0.014824022s"
							},
							"maxAllocatedMem": {

							},
							"maxAllocatedDisk": {

							}
						},
						"output": {
							"numBatches": {
								"valuePlusOne": "2"
							},
							"numTuples": {
								"valuePlusOne": "2"
							}
						},
						"flowStats": {
							"maxMemUsage": {

							},
							"maxDiskUsage": {

							}
						}
					}
				}
			],
			"children": [
				{
					"operation": "txn coordinator send",
					"tags": {
						"_verbose": "1",
						"client": "10.142.0.156:58418",
						"node": "3",
						"txnID": "89fdf0a7-45d7-4756-8c10-bbff7528cfa3",
						"user": "root"
					},
					"startTime": "2022-06-15T02:30:21.264689726Z",
					"duration": "0.013960101s",
					"children": [
						{
							"operation": "dist sender send",
							"tags": {
								"_verbose": "1",
								"client": "10.142.0.156:58418",
								"node": "3",
								"txn": "89fdf0a7",
								"user": "root"
							},
							"startTime": "2022-06-15T02:30:21.264696898Z",
							"duration": "0.013943283s",
							"logs": [
								{
									"time": "2022-06-15T02:30:21.264728202Z",
									"deprecatedFields": [
										{
											"key": "event",
											"value": "‹kv/kvclient/kvcoord/range_iter.go:175 [n3,client=10.142.0.156:58418,user=root,txn=89fdf0a7] querying next range at /Table/106/1/803/0›"
										}
									],
									"message": "‹kv/kvclient/kvcoord/range_iter.go:175 [n3,client=10.142.0.156:58418,user=root,txn=89fdf0a7] querying next range at /Table/106/1/803/0›"
								},
								{
									"time": "2022-06-15T02:30:21.264775507Z",
									"deprecatedFields": [
										{
											"key": "event",
											"value": "‹kv/kvclient/kvcoord/dist_sender.go:2032 [n3,client=10.142.0.156:58418,user=root,txn=89fdf0a7] r69: sending batch 1 Put to (n1,s1):1›"
										}
									],
									"message": "‹kv/kvclient/kvcoord/dist_sender.go:2032 [n3,client=10.142.0.156:58418,user=root,txn=89fdf0a7] r69: sending batch 1 Put to (n1,s1):1›"
								},
								{
									"time": "2022-06-15T02:30:21.264791638Z",
									"deprecatedFields": [
										{
											"key": "event",
											"value": "‹rpc/nodedialer/nodedialer.go:163 [n3,client=10.142.0.156:58418,user=root,txn=89fdf0a7] sending request to 10.142.0.154:26257›"
										}
									],
									"message": "‹rpc/nodedialer/nodedialer.go:163 [n3,client=10.142.0.156:58418,user=root,txn=89fdf0a7] sending request to 10.142.0.154:26257›"
								}
							],
							"children": [
								{
									"operation": "/cockroach.roachpb.Internal/Batch",
									"tags": {
										"_verbose": "1",
										"client": "10.142.0.156:58418",
										"node": "3",
										"span.kind": "client",
										"txn": "89fdf0a7",
										"user": "root"
									},
									"startTime": "2022-06-15T02:30:21.264800177Z",
									"duration": "0.013821615s"
								},
								{
									"operation": "/cockroach.roachpb.Internal/Batch",
									"tags": {
										"_verbose": "1",
										"node": "1",
										"request": "Put [/Table/106/1/803/0,/Min), [txn: 89fdf0a7]",
										"span.kind": "server"
									},
									"startTime": "2022-06-15T02:30:21.276773495Z",
									"duration": "0.001278017s",
									"logs": [
										{
											"time": "2022-06-15T02:30:21.276794045Z",
											"deprecatedFields": [
												{
													"key": "event",
													"value": "‹server/node.go:997 [n1] node received request: 1 Put›"
												}
											],
											"message": "‹server/node.go:997 [n1] node received request: 1 Put›"
										},
										{
											"time": "2022-06-15T02:30:21.276837720Z",
											"deprecatedFields": [
												{
													"key": "event",
													"value": "‹kv/kvserver/store_send.go:157 [n1,s1] executing Put [/Table/106/1/803/0,/Min), [txn: 89fdf0a7]›"
												}
											],
											"message": "‹kv/kvserver/store_send.go:157 [n1,s1] executing Put [/Table/106/1/803/0,/Min), [txn: 89fdf0a7]›"
										},
										{
											"time": "2022-06-15T02:30:21.276875045Z",
											"deprecatedFields": [
												{
													"key": "event",
													"value": "‹kv/kvserver/replica_send.go:178 [n1,s1,r69/1:/Table/10{6/1-7}] read-write path›"
												}
											],
											"message": "‹kv/kvserver/replica_send.go:178 [n1,s1,r69/1:/Table/10{6/1-7}] read-write path›"
										},
										{
											"time": "2022-06-15T02:30:21.276892535Z",
											"deprecatedFields": [
												{
													"key": "event",
													"value": "‹kv/kvserver/concurrency/concurrency_manager.go:188 [n1,s1,r69/1:/Table/10{6/1-7}] sequencing request›"
												}
											],
											"message": "‹kv/kvserver/concurrency/concurrency_manager.go:188 [n1,s1,r69/1:/Table/10{6/1-7}] sequencing request›"
										},
										{
											"time": "2022-06-15T02:30:21.276903095Z",
											"deprecatedFields": [
												{
													"key": "event",
													"value": "‹kv/kvserver/concurrency/concurrency_manager.go:260 [n1,s1,r69/1:/Table/10{6/1-7}] acquiring latches›"
												}
											],
											"message": "‹kv/kvserver/concurrency/concurrency_manager.go:260 [n1,s1,r69/1:/Table/10{6/1-7}] acquiring latches›"
										},
										{
											"time": "2022-06-15T02:30:21.276920575Z",
											"deprecatedFields": [
												{
													"key": "event",
													"value": "‹kv/kvserver/concurrency/concurrency_manager.go:301 [n1,s1,r69/1:/Table/10{6/1-7}] scanning lock table for conflicting locks›"
												}
											],
											"message": "‹kv/kvserver/concurrency/concurrency_manager.go:301 [n1,s1,r69/1:/Table/10{6/1-7}] scanning lock table for conflicting locks›"
										},
										{
											"time": "2022-06-15T02:30:21.276942252Z",
											"deprecatedFields": [
												{
													"key": "event",
													"value": "‹kv/kvserver/replica_write.go:156 [n1,s1,r69/1:/Table/10{6/1-7}] applied timestamp cache›"
												}
											],
											"message": "‹kv/kvserver/replica_write.go:156 [n1,s1,r69/1:/Table/10{6/1-7}] applied timestamp cache›"
										},
										{
											"time": "2022-06-15T02:30:21.276954602Z",
											"deprecatedFields": [
												{
													"key": "event",
													"value": "‹kv/kvserver/replica_write.go:389 [n1,s1,r69/1:/Table/10{6/1-7}] executing read-write batch›"
												}
											],
											"message": "‹kv/kvserver/replica_write.go:389 [n1,s1,r69/1:/Table/10{6/1-7}] executing read-write batch›"
										},
										{
											"time": "2022-06-15T02:30:21.277759889Z",
											"deprecatedFields": [
												{
													"key": "event",
													"value": "‹scan stats: stepped 0 times (0 internal); seeked 1 times (1 internal); block-bytes: (total 32 KiB, cached 32 KiB); points: (count 1 , key-bytes 28 B, value-bytes 43 B, tombstoned: 0 )›"
												}
											],
											"message": "‹scan stats: stepped 0 times (0 internal); seeked 1 times (1 internal); block-bytes: (total 32 KiB, cached 32 KiB); points: (count 1 , key-bytes 28 B, value-bytes 43 B, tombstoned: 0 )›"
										},
										{
											"time": "2022-06-15T02:30:21.277972091Z",
											"deprecatedFields": [
												{
													"key": "event",
													"value": "‹kv/kvserver/replica_evaluate.go:524 [n1,s1,r69/1:/Table/10{6/1-7}] evaluated Put command header:\u003ckey:\"\\362\\211\\367\\003#\\210\" sequence:1 \u003e value:\u003craw_bytes:\"\\347[\\3101\\n\u0026\\0019\\026\\00212\\026\\00219\\026\\00211\\026\\002TE\\026\\t090211111\\025\\003)\\007p\\025\\0064\\217+\\221\\020\\360\" timestamp:\u003c\u003e \u003e , txn=\"sql txn\" meta={id=89fdf0a7 key=/Table/106/1/803/0 pri=0.05018008 epo=0 ts=1655260221.207511544,0 min=1655260221.207511544,0 seq=1} lock=true stat=PENDING rts=1655260221.207511544,0 wto=false gul=1655260221.707511544,0 : resp=header:\u003c\u003e , err=\u003cnil\u003e›"
												}
											],
											"message": "‹kv/kvserver/replica_evaluate.go:524 [n1,s1,r69/1:/Table/10{6/1-7}] evaluated Put command header:\u003ckey:\"\\362\\211\\367\\003#\\210\" sequence:1 \u003e value:\u003craw_bytes:\"\\347[\\3101\\n\u0026\\0019\\026\\00212\\026\\00219\\026\\00211\\026\\002TE\\026\\t090211111\\025\\003)\\007p\\025\\0064\\217+\\221\\020\\360\" timestamp:\u003c\u003e \u003e , txn=\"sql txn\" meta={id=89fdf0a7 key=/Table/106/1/803/0 pri=0.05018008 epo=0 ts=1655260221.207511544,0 min=1655260221.207511544,0 seq=1} lock=true stat=PENDING rts=1655260221.207511544,0 wto=false gul=1655260221.707511544,0 : resp=header:\u003c\u003e , err=\u003cnil\u003e›"
										},
										{
											"time": "2022-06-15T02:30:21.277991363Z",
											"deprecatedFields": [
												{
													"key": "event",
													"value": "‹kv/kvserver/replica_proposal.go:708 [n1,s1,r69/1:/Table/10{6/1-7}] need consensus on write batch with op count=2›"
												}
											],
											"message": "‹kv/kvserver/replica_proposal.go:708 [n1,s1,r69/1:/Table/10{6/1-7}] need consensus on write batch with op count=2›"
										},
										{
											"time": "2022-06-15T02:30:21.278017642Z",
											"deprecatedFields": [
												{
													"key": "event",
													"value": "‹kv/kvserver/replica_raft.go:114 [n1,s1,r69/1:/Table/10{6/1-7}] evaluated request›"
												}
											],
											"message": "‹kv/kvserver/replica_raft.go:114 [n1,s1,r69/1:/Table/10{6/1-7}] evaluated request›"
										},
										{
											"time": "2022-06-15T02:30:21.278031238Z",
											"deprecatedFields": [
												{
													"key": "event",
													"value": "‹kv/kvserver/replica_raft.go:158 [n1,s1,r69/1:/Table/10{6/1-7}] proposing command to write 0 new keys, 1 new values, 1 new intents, write batch size=198 bytes›"
												}
											],
											"message": "‹kv/kvserver/replica_raft.go:158 [n1,s1,r69/1:/Table/10{6/1-7}] proposing command to write 0 new keys, 1 new values, 1 new intents, write batch size=198 bytes›"
										}
									],
									"structuredRecords": [
										{
											"time": "2022-06-15T02:30:21.277714775Z",
											"payload": {
												"@type": "type.googleapis.com/cockroach.roachpb.ScanStats",
												"numInterfaceSeeks": "1",
												"numInternalSeeks": "1",
												"blockBytes": "32467",
												"blockBytesInCache": "32467",
												"keyBytes": "28",
												"valueBytes": "43",
												"pointCount": "1"
											}
										}
									]
								}
							]
						}
					]
				}
			]
		},
		{
			"operation": "noop",
			"tags": {
				"_unfinished": "1",
				"_verbose": "1",
				"client": "10.142.0.156:58418",
				"cockroach.flowid": "78f8352c-e4f2-4f26-9046-ef04d8e43359",
				"cockroach.processorid": "0",
				"node": "3",
				"user": "root"
			},
			"startTime": "2022-06-15T02:30:21.227565072Z",
			"duration": "0.036918849s"
		},
		{
			"operation": "colbatchscan",
			"tags": {
				"_unfinished": "1",
				"_verbose": "1",
				"client": "10.142.0.156:58418",
				"node": "3",
				"user": "root"
			},
			"startTime": "2022-06-15T02:30:21.227573542Z",
			"duration": "0.037097699s",
			"logs": [
				{
					"time": "2022-06-15T02:30:21.227670697Z",
					"deprecatedFields": [
						{
							"key": "event",
							"value": "‹sql/row/kv_batch_fetcher.go:388 [n3,client=10.142.0.156:58418,user=root] Scan /Table/106/1/803/0›"
						}
					],
					"message": "‹sql/row/kv_batch_fetcher.go:388 [n3,client=10.142.0.156:58418,user=root] Scan /Table/106/1/803/0›"
				}
			],
			"children": [
				{
					"operation": "txn coordinator send",
					"tags": {
						"_verbose": "1",
						"client": "10.142.0.156:58418",
						"node": "3",
						"txnID": "89fdf0a7-45d7-4756-8c10-bbff7528cfa3",
						"user": "root"
					},
					"startTime": "2022-06-15T02:30:21.227674132Z",
					"duration": "0.027926256s",
					"logs": [
						{
							"time": "2022-06-15T02:30:21.227722752Z",
							"deprecatedFields": [
								{
									"key": "event",
									"value": "‹kv/kvclient/kvcoord/txn_interceptor_heartbeater.go:284 [n3,client=10.142.0.156:58418,user=root,txn=89fdf0a7] coordinator spawns heartbeat loop›"
								}
							],
							"message": "‹kv/kvclient/kvcoord/txn_interceptor_heartbeater.go:284 [n3,client=10.142.0.156:58418,user=root,txn=89fdf0a7] coordinator spawns heartbeat loop›"
						},
						{
							"time": "2022-06-15T02:30:21.255595698Z",
							"deprecatedFields": [
								{
									"key": "event",
									"value": "‹kv/kvclient/kvcoord/txn_interceptor_span_refresher.go:567 [n3,client=10.142.0.156:58418,user=root,txn=89fdf0a7] recording span to refresh: /Table/106/1/803/0›"
								}
							],
							"message": "‹kv/kvclient/kvcoord/txn_interceptor_span_refresher.go:567 [n3,client=10.142.0.156:58418,user=root,txn=89fdf0a7] recording span to refresh: /Table/106/1/803/0›"
						}
					],
					"children": [
						{
							"operation": "dist sender send",
							"tags": {
								"_verbose": "1",
								"client": "10.142.0.156:58418",
								"node": "3",
								"txn": "89fdf0a7",
								"user": "root"
							},
							"startTime": "2022-06-15T02:30:21.227743123Z",
							"duration": "0.027645004s",
							"logs": [
								{
									"time": "2022-06-15T02:30:21.227768481Z",
									"deprecatedFields": [
										{
											"key": "event",
											"value": "‹kv/kvclient/kvcoord/range_iter.go:175 [n3,client=10.142.0.156:58418,user=root,txn=89fdf0a7] querying next range at /Table/106/1/803/0›"
										}
									],
									"message": "‹kv/kvclient/kvcoord/range_iter.go:175 [n3,client=10.142.0.156:58418,user=root,txn=89fdf0a7] querying next range at /Table/106/1/803/0›"
								},
								{
									"time": "2022-06-15T02:30:21.227824717Z",
									"deprecatedFields": [
										{
											"key": "event",
											"value": "‹kv/kvclient/kvcoord/dist_sender.go:2032 [n3,client=10.142.0.156:58418,user=root,txn=89fdf0a7] r69: sending batch 1 Get to (n1,s1):1›"
										}
									],
									"message": "‹kv/kvclient/kvcoord/dist_sender.go:2032 [n3,client=10.142.0.156:58418,user=root,txn=89fdf0a7] r69: sending batch 1 Get to (n1,s1):1›"
								},
								{
									"time": "2022-06-15T02:30:21.227845875Z",
									"deprecatedFields": [
										{
											"key": "event",
											"value": "‹rpc/nodedialer/nodedialer.go:163 [n3,client=10.142.0.156:58418,user=root,txn=89fdf0a7] sending request to 10.142.0.154:26257›"
										}
									],
									"message": "‹rpc/nodedialer/nodedialer.go:163 [n3,client=10.142.0.156:58418,user=root,txn=89fdf0a7] sending request to 10.142.0.154:26257›"
								}
							],
							"children": [
								{
									"operation": "/cockroach.roachpb.Internal/Batch",
									"tags": {
										"_verbose": "1",
										"client": "10.142.0.156:58418",
										"node": "3",
										"span.kind": "client",
										"txn": "89fdf0a7",
										"user": "root"
									},
									"startTime": "2022-06-15T02:30:21.227856636Z",
									"duration": "0.027497140s"
								},
								{
									"operation": "/cockroach.roachpb.Internal/Batch",
									"tags": {
										"_verbose": "1",
										"node": "1",
										"request": "Get [/Table/106/1/803/0,/Min), [txn: 89fdf0a7], [can-forward-ts]",
										"span.kind": "server"
									},
									"startTime": "2022-06-15T02:30:21.240557491Z",
									"duration": "0.000608113s",
									"logs": [
										{
											"time": "2022-06-15T02:30:21.240591643Z",
											"deprecatedFields": [
												{
													"key": "event",
													"value": "‹server/node.go:997 [n1] node received request: 1 Get›"
												}
											],
											"message": "‹server/node.go:997 [n1] node received request: 1 Get›"
										},
										{
											"time": "2022-06-15T02:30:21.240647454Z",
											"deprecatedFields": [
												{
													"key": "event",
													"value": "‹kv/kvserver/store_send.go:157 [n1,s1] executing Get [/Table/106/1/803/0,/Min), [txn: 89fdf0a7], [can-forward-ts]›"
												}
											],
											"message": "‹kv/kvserver/store_send.go:157 [n1,s1] executing Get [/Table/106/1/803/0,/Min), [txn: 89fdf0a7], [can-forward-ts]›"
										},
										{
											"time": "2022-06-15T02:30:21.240667794Z",
											"deprecatedFields": [
												{
													"key": "event",
													"value": "‹kv/kvserver/replica_send.go:174 [n1,s1,r69/1:/Table/10{6/1-7}] read-only path›"
												}
											],
											"message": "‹kv/kvserver/replica_send.go:174 [n1,s1,r69/1:/Table/10{6/1-7}] read-only path›"
										},
										{
											"time": "2022-06-15T02:30:21.240688361Z",
											"deprecatedFields": [
												{
													"key": "event",
													"value": "‹kv/kvserver/concurrency/concurrency_manager.go:188 [n1,s1,r69/1:/Table/10{6/1-7}] sequencing request›"
												}
											],
											"message": "‹kv/kvserver/concurrency/concurrency_manager.go:188 [n1,s1,r69/1:/Table/10{6/1-7}] sequencing request›"
										},
										{
											"time": "2022-06-15T02:30:21.240702505Z",
											"deprecatedFields": [
												{
													"key": "event",
													"value": "‹kv/kvserver/concurrency/concurrency_manager.go:260 [n1,s1,r69/1:/Table/10{6/1-7}] acquiring latches›"
												}
											],
											"message": "‹kv/kvserver/concurrency/concurrency_manager.go:260 [n1,s1,r69/1:/Table/10{6/1-7}] acquiring latches›"
										},
										{
											"time": "2022-06-15T02:30:21.240719094Z",
											"deprecatedFields": [
												{
													"key": "event",
													"value": "‹kv/kvserver/concurrency/concurrency_manager.go:301 [n1,s1,r69/1:/Table/10{6/1-7}] scanning lock table for conflicting locks›"
												}
											],
											"message": "‹kv/kvserver/concurrency/concurrency_manager.go:301 [n1,s1,r69/1:/Table/10{6/1-7}] scanning lock table for conflicting locks›"
										},
										{
											"time": "2022-06-15T02:30:21.240740872Z",
											"deprecatedFields": [
												{
													"key": "event",
													"value": "‹kv/kvserver/replica_read.go:252 [n1,s1,r69/1:/Table/10{6/1-7}] executing read-only batch›"
												}
											],
											"message": "‹kv/kvserver/replica_read.go:252 [n1,s1,r69/1:/Table/10{6/1-7}] executing read-only batch›"
										},
										{
											"time": "2022-06-15T02:30:21.240815675Z",
											"deprecatedFields": [
												{
													"key": "event",
													"value": "‹scan stats: stepped 0 times (0 internal); seeked 1 times (1 internal); block-bytes: (total 32 KiB, cached 32 KiB); points: (count 1 , key-bytes 28 B, value-bytes 43 B, tombstoned: 0 )›"
												}
											],
											"message": "‹scan stats: stepped 0 times (0 internal); seeked 1 times (1 internal); block-bytes: (total 32 KiB, cached 32 KiB); points: (count 1 , key-bytes 28 B, value-bytes 43 B, tombstoned: 0 )›"
										},
										{
											"time": "2022-06-15T02:30:21.240955758Z",
											"deprecatedFields": [
												{
													"key": "event",
													"value": "‹scan stats: stepped 0 times (0 internal); seeked 2 times (2 internal); block-bytes: (total 50 KiB, cached 50 KiB); points: (count 2 , key-bytes 47 B, value-bytes 48 B, tombstoned: 0 )›"
												}
											],
											"message": "‹scan stats: stepped 0 times (0 internal); seeked 2 times (2 internal); block-bytes: (total 50 KiB, cached 50 KiB); points: (count 2 , key-bytes 47 B, value-bytes 48 B, tombstoned: 0 )›"
										},
										{
											"time": "2022-06-15T02:30:21.241098079Z",
											"deprecatedFields": [
												{
													"key": "event",
													"value": "‹kv/kvserver/replica_evaluate.go:524 [n1,s1,r69/1:/Table/10{6/1-7}] evaluated Get command header:\u003ckey:\"\\362\\211\\367\\003#\\210\" \u003e key_locking:Exclusive , txn=\"sql txn\" meta={id=89fdf0a7 key=/Table/106/1/803/0 pri=0.05018008 epo=0 ts=1655260221.207511544,0 min=1655260221.207511544,0 seq=0} lock=true stat=PENDING rts=1655260221.207511544,0 wto=false gul=1655260221.707511544,0 : resp=header:\u003cnum_keys:1 num_bytes:48 \u003e value:\u003craw_bytes:\"7~v\\235\\n\u0026\\0019\\026\\00212\\026\\00219\\026\\00211\\026\\002TE\\026\\t090211111\\025\\003)\\007p\\025\\0064\\217+\\220\\253P\" timestamp:\u003cwall_time:1655260213861764715 \u003e \u003e , err=\u003cnil\u003e›"
												}
											],
											"message": "‹kv/kvserver/replica_evaluate.go:524 [n1,s1,r69/1:/Table/10{6/1-7}] evaluated Get command header:\u003ckey:\"\\362\\211\\367\\003#\\210\" \u003e key_locking:Exclusive , txn=\"sql txn\" meta={id=89fdf0a7 key=/Table/106/1/803/0 pri=0.05018008 epo=0 ts=1655260221.207511544,0 min=1655260221.207511544,0 seq=0} lock=true stat=PENDING rts=1655260221.207511544,0 wto=false gul=1655260221.707511544,0 : resp=header:\u003cnum_keys:1 num_bytes:48 \u003e value:\u003craw_bytes:\"7~v\\235\\n\u0026\\0019\\026\\00212\\026\\00219\\026\\00211\\026\\002TE\\026\\t090211111\\025\\003)\\007p\\025\\0064\\217+\\220\\253P\" timestamp:\u003cwall_time:1655260213861764715 \u003e \u003e , err=\u003cnil\u003e›"
										},
										{
											"time": "2022-06-15T02:30:21.241114408Z",
											"deprecatedFields": [
												{
													"key": "event",
													"value": "‹kv/kvserver/replica_read.go:334 [n1,s1,r69/1:/Table/10{6/1-7}] acquiring 1 unreplicated locks›"
												}
											],
											"message": "‹kv/kvserver/replica_read.go:334 [n1,s1,r69/1:/Table/10{6/1-7}] acquiring 1 unreplicated locks›"
										},
										{
											"time": "2022-06-15T02:30:21.241145975Z",
											"deprecatedFields": [
												{
													"key": "event",
													"value": "‹kv/kvserver/replica_read.go:187 [n1,s1,r69/1:/Table/10{6/1-7}] read completed›"
												}
											],
											"message": "‹kv/kvserver/replica_read.go:187 [n1,s1,r69/1:/Table/10{6/1-7}] read completed›"
										}
									],
									"structuredRecords": [
										{
											"time": "2022-06-15T02:30:21.240780115Z",
											"payload": {
												"@type": "type.googleapis.com/cockroach.roachpb.ScanStats",
												"numInterfaceSeeks": "1",
												"numInternalSeeks": "1",
												"blockBytes": "32467",
												"blockBytesInCache": "32467",
												"keyBytes": "28",
												"valueBytes": "43",
												"pointCount": "1"
											}
										},
										{
											"time": "2022-06-15T02:30:21.240924578Z",
											"payload": {
												"@type": "type.googleapis.com/cockroach.roachpb.ScanStats",
												"numInterfaceSeeks": "2",
												"numInternalSeeks": "2",
												"blockBytes": "51460",
												"blockBytesInCache": "51460",
												"keyBytes": "47",
												"valueBytes": "48",
												"pointCount": "2"
											}
										}
									]
								}
							]
						}
					]
				}
			]
		}
	]
}