{
	"_comment": "This is a trace for SQL statement: UPDATE\n  warehouse\nSET\n  w_ytd = w_ytd + $1:::DECIMAL\nWHERE\n  w_id = $2:::INT8\nRETURNING\n  w_name, w_street_1, w_street_2, w_city, w_state, w_zip\nThis trace can be imported into Jaeger for visualization. From the Jaeger Search screen, select the JSON File.\nJaeger can be started using docker with: docker run -d --name jaeger -p 16686:16686 jaegertracing/all-in-one:1.17\nThe UI can then be accessed at http://localhost:16686/search",
	"data": [
		{
			"traceID": "4622654247954965321",
			"spans": [
				{
					"traceID": "4622654247954965321",
					"spanID": "4309863104111697037",
					"operationName": "traced statement",
					"references": [
						{
							"refType": "CHILD_OF",
							"traceID": "4622654247954965321",
							"spanID": "2461514859170151052"
						}
					],
					"startTime": 1655260221224658,
					"duration": 54256,
					"tags": [
						{
							"key": "_verbose",
							"type": "STRING",
							"value": "1"
						},
						{
							"key": "node",
							"type": "STRING",
							"value": "3"
						},
						{
							"key": "client",
							"type": "STRING",
							"value": "10.142.0.156:58418"
						},
						{
							"key": "user",
							"type": "STRING",
							"value": "root"
						},
						{
							"key": "statement",
							"type": "STRING",
							"value": "UPDATE\n  warehouse\nSET\n  w_ytd = w_ytd + $1:::DECIMAL\nWHERE\n  w_id = $2:::INT8\nRETURNING\n  w_name, w_street_1, w_street_2, w_city, w_state, w_zip"
						}
					],
					"logs": [
						{
							"timestamp": 1655260221224718,
							"fields": [
								{
									"key": "event",
									"type": "STRING",
									"value": "‹sql/catalog/lease/descriptor_version_state.go:123 [n3,client=10.142.0.156:58418,user=root] descriptorVersionState.incRefCount: 104(\"tpcc\") ver=1:1655260407.227636026,0, refcount=15›"
								}
							]
						},
						{
							"timestamp": 1655260221224754,
							"fields": [
								{
									"key": "event",
									"type": "STRING",
									"value": "‹sql/catalog/descs/descriptor.go:98 [n3,client=10.142.0.156:58418,user=root] looking up descriptors for ids [105]›"
								}
							]
						},
						{
							"timestamp": 1655260221224779,
							"fields": [
								{
									"key": "event",
									"type": "STRING",
									"value": "‹sql/catalog/lease/descriptor_version_state.go:123 [n3,client=10.142.0.156:58418,user=root] descriptorVersionState.incRefCount: 105(\"public\") ver=1:1655260383.381992121,0, refcount=14›"
								}
							]
						},
						{
							"timestamp": 1655260221224801,
							"fields": [
								{
									"key": "event",
									"type": "STRING",
									"value": "‹sql/catalog/lease/descriptor_version_state.go:123 [n3,client=10.142.0.156:58418,user=root] descriptorVersionState.incRefCount: 106(\"warehouse\") ver=7:1655260379.197509148,0, refcount=11›"
								}
							]
						},
						{
							"timestamp": 1655260221224830,
							"fields": [
								{
									"key": "event",
									"type": "STRING",
									"value": "‹sql/plan_opt.go:360 [n3,client=10.142.0.156:58418,user=root] reusing cached memo›"
								}
							]
						},
						{
							"timestamp": 1655260221225853,
							"fields": [
								{
									"key": "event",
									"type": "STRING",
									"value": "‹sql/conn_executor_exec.go:688 [n3,client=10.142.0.156:58418,user=root] planning ends›"
								}
							]
						},
						{
							"timestamp": 1655260221225878,
							"fields": [
								{
									"key": "event",
									"type": "STRING",
									"value": "‹sql/conn_executor_exec.go:688 [n3,client=10.142.0.156:58418,user=root] checking distributability›"
								}
							]
						},
						{
							"timestamp": 1655260221226063,
							"fields": [
								{
									"key": "event",
									"type": "STRING",
									"value": "‹sql/exec_util.go:1631 [n3,client=10.142.0.156:58418,user=root] query not supported for distSQL: unsupported node›"
								}
							]
						},
						{
							"timestamp": 1655260221226085,
							"fields": [
								{
									"key": "event",
									"type": "STRING",
									"value": "‹sql/conn_executor_exec.go:688 [n3,client=10.142.0.156:58418,user=root] will distribute plan: false›"
								}
							]
						},
						{
							"timestamp": 1655260221226101,
							"fields": [
								{
									"key": "event",
									"type": "STRING",
									"value": "‹sql/conn_executor_exec.go:688 [n3,client=10.142.0.156:58418,user=root] executing after 0 retries, last retry reason: \u003cnil\u003e›"
								}
							]
						},
						{
							"timestamp": 1655260221226119,
							"fields": [
								{
									"key": "event",
									"type": "STRING",
									"value": "‹sql/conn_executor_exec.go:688 [n3,client=10.142.0.156:58418,user=root] execution starts: distributed engine›"
								}
							]
						},
						{
							"timestamp": 1655260221226140,
							"fields": [
								{
									"key": "event",
									"type": "STRING",
									"value": "‹sql/distsql_running.go:1435 [n3,client=10.142.0.156:58418,user=root] creating DistSQL plan with isLocal=true›"
								}
							]
						},
						{
							"timestamp": 1655260221226386,
							"fields": [
								{
									"key": "event",
									"type": "STRING",
									"value": "‹sql/distsql_running.go:513 [n3,client=10.142.0.156:58418,user=root] running DistSQL plan›"
								}
							]
						},
						{
							"timestamp": 1655260221227232,
							"fields": [
								{
									"key": "event",
									"type": "STRING",
									"value": "‹sql/distsql_physical_planner.go:853 [n3,client=10.142.0.156:58418,user=root] creating plan diagram›"
								}
							]
						},
						{
							"timestamp": 1655260221278856,
							"fields": [
								{
									"key": "event",
									"type": "STRING",
									"value": "‹sql/conn_executor_exec.go:688 [n3,client=10.142.0.156:58418,user=root] execution ends›"
								}
							]
						},
						{
							"timestamp": 1655260221278865,
							"fields": [
								{
									"key": "event",
									"type": "STRING",
									"value": "‹sql/conn_executor_exec.go:688 [n3,client=10.142.0.156:58418,user=root] rows affected: 1›"
								}
							]
						}
					],
					"processID": "node 3",
					"warnings": null
				},
				{
					"traceID": "4622654247954965321",
					"spanID": "4157035774494325870",
					"operationName": "flow",
					"references": [
						{
							"refType": "CHILD_OF",
							"traceID": "4622654247954965321",
							"spanID": "4309863104111697037"
						}
					],
					"startTime": 1655260221226391,
					"duration": 52434,
					"tags": [
						{
							"key": "_verbose",
							"type": "STRING",
							"value": "1"
						},
						{
							"key": "node",
							"type": "STRING",
							"value": "3"
						},
						{
							"key": "client",
							"type": "STRING",
							"value": "10.142.0.156:58418"
						},
						{
							"key": "user",
							"type": "STRING",
							"value": "root"
						}
					],
					"logs": [
						{
							"timestamp": 1655260221226420,
							"fields": [
								{
									"key": "event",
									"type": "STRING",
									"value": "‹sql/colflow/vectorized_flow.go:185 [n3,client=10.142.0.156:58418,user=root] setting up vectorized flow›"
								}
							]
						},
						{
							"timestamp": 1655260221226591,
							"fields": [
								{
									"key": "event",
									"type": "STRING",
									"value": "‹sql/colexec/colbuilder/execplan.go:530 [n3,client=10.142.0.156:58418,user=root] planning a row-execution processor in the vectorized flow: unable to columnarize render expression \"crdb_internal.assignment_cast(w_ytd::DECIMAL + 260.16, NULL::DECIMAL(12,2))\": builtins with FnWithExprs are not supported in the vectorized engine›"
								}
							]
						},
						{
							"timestamp": 1655260221227023,
							"fields": [
								{
									"key": "event",
									"type": "STRING",
									"value": "‹sql/colexec/colbuilder/execplan.go:530 [n3,client=10.142.0.156:58418,user=root] planning a row-execution processor in the vectorized flow: LocalPlanNode core needs to be wrapped›"
								}
							]
						},
						{
							"timestamp": 1655260221227217,
							"fields": [
								{
									"key": "event",
									"type": "STRING",
									"value": "‹sql/colflow/vectorized_flow.go:235 [n3,client=10.142.0.156:58418,user=root] vectorized flow setup succeeded›"
								}
							]
						},
						{
							"timestamp": 1655260221227542,
							"fields": [
								{
									"key": "event",
									"type": "STRING",
									"value": "‹sql/flowinfra/flow.go:391 [n3,client=10.142.0.156:58418,user=root] starting (0 processors, 0 startables) asynchronously›"
								}
							]
						},
						{
							"timestamp": 1655260221227555,
							"fields": [
								{
									"key": "event",
									"type": "STRING",
									"value": "‹sql/colflow/vectorized_flow.go:261 [n3,client=10.142.0.156:58418,user=root] running the batch flow coordinator in the flow's goroutine›"
								}
							]
						},
						{
							"timestamp": 1655260221278824,
							"fields": [
								{
									"key": "event",
									"type": "STRING",
									"value": "‹component:\u003cflow_id:\u003c78f8352c-e4f2-4f26-9046-ef04d8e43359\u003e type:FLOW id:0 sql_instance_id:3 \u003e net_rx:\u003clatency:\u003c\u003e wait_time:\u003c\u003e deserialization_time:\u003c\u003e tuples_received:\u003c\u003e bytes_received:\u003c\u003e messages_received:\u003c\u003e \u003e net_tx:\u003ctuples_sent:\u003c\u003e bytes_sent:\u003c\u003e messages_sent:\u003c\u003e \u003e kv:\u003cbytes_read:\u003c\u003e tuples_read:\u003c\u003e kv_time:\u003c\u003e contention_time:\u003c\u003e num_interface_steps:\u003c\u003e num_internal_steps:\u003c\u003e num_interface_seeks:\u003c\u003e num_internal_seeks:\u003c\u003e \u003e exec:\u003cexec_time:\u003c\u003e max_allocated_mem:\u003c\u003e max_allocated_disk:\u003c\u003e \u003e output:\u003cnum_batches:\u003c\u003e num_tuples:\u003c\u003e \u003e flow_stats:\u003cmax_mem_usage:\u003cvalue_plus_one:40961 \u003e max_disk_usage:\u003cvalue_plus_one:1 \u003e \u003e›"
								}
							]
						}
					],
					"processID": "node 3",
					"warnings": null
				},
				{
					"traceID": "4622654247954965321",
					"spanID": "1185442108169696287",
					"operationName": "batch flow coordinator",
					"references": [
						{
							"refType": "CHILD_OF",
							"traceID": "4622654247954965321",
							"spanID": "4309863104111697037"
						}
					],
					"startTime": 1655260221227557,
					"duration": 51207,
					"tags": [
						{
							"key": "node",
							"type": "STRING",
							"value": "3"
						},
						{
							"key": "client",
							"type": "STRING",
							"value": "10.142.0.156:58418"
						},
						{
							"key": "user",
							"type": "STRING",
							"value": "root"
						},
						{
							"key": "cockroach.flowid",
							"type": "STRING",
							"value": "78f8352c-e4f2-4f26-9046-ef04d8e43359"
						},
						{
							"key": "cockroach.processorid",
							"type": "STRING",
							"value": "1"
						},
						{
							"key": "_unfinished",
							"type": "STRING",
							"value": "1"
						},
						{
							"key": "_verbose",
							"type": "STRING",
							"value": "1"
						}
					],
					"logs": [
						{
							"timestamp": 1655260221264665,
							"fields": [
								{
									"key": "event",
									"type": "STRING",
									"value": "‹component:\u003cflow_id:\u003c78f8352c-e4f2-4f26-9046-ef04d8e43359\u003e type:PROCESSOR id:0 sql_instance_id:3 \u003e net_rx:\u003clatency:\u003c\u003e wait_time:\u003c\u003e deserialization_time:\u003c\u003e tuples_received:\u003c\u003e bytes_received:\u003c\u003e messages_received:\u003c\u003e \u003e net_tx:\u003ctuples_sent:\u003c\u003e bytes_sent:\u003c\u003e messages_sent:\u003c\u003e \u003e kv:\u003cbytes_read:\u003cvalue_plus_one:55 \u003e tuples_read:\u003cvalue_plus_one:2 \u003e kv_time:\u003cvalue_plus_one:\u003cnanos:36228487 \u003e \u003e contention_time:\u003cvalue_plus_one:\u003cnanos:1 \u003e \u003e num_interface_steps:\u003cvalue_plus_one:1 \u003e num_internal_steps:\u003cvalue_plus_one:1 \u003e num_interface_seeks:\u003cvalue_plus_one:4 \u003e num_internal_seeks:\u003cvalue_plus_one:4 \u003e \u003e exec:\u003cexec_time:\u003c\u003e max_allocated_mem:\u003cvalue_plus_one:20481 \u003e max_allocated_disk:\u003c\u003e \u003e output:\u003cnum_batches:\u003cvalue_plus_one:2 \u003e num_tuples:\u003cvalue_plus_one:2 \u003e \u003e inputs:\u003cnum_tuples:\u003cvalue_plus_one:2 \u003e wait_time:\u003cvalue_plus_one:\u003cnanos:28023147 \u003e \u003e \u003e flow_stats:\u003cmax_mem_usage:\u003c\u003e max_disk_usage:\u003c\u003e \u003e›"
								}
							]
						},
						{
							"timestamp": 1655260221278761,
							"fields": [
								{
									"key": "event",
									"type": "STRING",
									"value": "‹component:\u003cflow_id:\u003c78f8352c-e4f2-4f26-9046-ef04d8e43359\u003e type:PROCESSOR id:1 sql_instance_id:3 \u003e net_rx:\u003clatency:\u003c\u003e wait_time:\u003c\u003e deserialization_time:\u003c\u003e tuples_received:\u003c\u003e bytes_received:\u003c\u003e messages_received:\u003c\u003e \u003e net_tx:\u003ctuples_sent:\u003c\u003e bytes_sent:\u003c\u003e messages_sent:\u003c\u003e \u003e kv:\u003cbytes_read:\u003c\u003e tuples_read:\u003c\u003e kv_time:\u003c\u003e contention_time:\u003c\u003e num_interface_steps:\u003c\u003e num_internal_steps:\u003c\u003e num_interface_seeks:\u003c\u003e num_internal_seeks:\u003c\u003e \u003e exec:\u003cexec_time:\u003cvalue_plus_one:\u003cnanos:14824022 \u003e \u003e max_allocated_mem:\u003c\u003e max_allocated_disk:\u003c\u003e \u003e output:\u003cnum_batches:\u003cvalue_plus_one:2 \u003e num_tuples:\u003cvalue_plus_one:2 \u003e \u003e flow_stats:\u003cmax_mem_usage:\u003c\u003e max_disk_usage:\u003c\u003e \u003e›"
								}
							]
						}
					],
					"processID": "node 3",
					"warnings": null
				},
				{
					"traceID": "4622654247954965321",
					"spanID": "1200892741560142595",
					"operationName": "noop",
					"references": [
						{
							"refType": "CHILD_OF",
							"traceID": "4622654247954965321",
							"spanID": "4309863104111697037"
						}
					],
					"startTime": 1655260221227565,
					"duration": 36918,
					"tags": [
						{
							"key": "user",
							"type": "STRING",
							"value": "root"
						},
						{
							"key": "cockroach.flowid",
							"type": "STRING",
							"value": "78f8352c-e4f2-4f26-9046-ef04d8e43359"
						},
						{
							"key": "cockroach.processorid",
							"type": "STRING",
							"value": "0"
						},
						{
							"key": "_unfinished",
							"type": "STRING",
							"value": "1"
						},
						{
							"key": "_verbose",
							"type": "STRING",
							"value": "1"
						},
						{
							"key": "node",
							"type": "STRING",
							"value": "3"
						},
						{
							"key": "client",
							"type": "STRING",
							"value": "10.142.0.156:58418"
						}
					],
					"logs": null,
					"processID": "node 3",
					"warnings": null
				},
				{
					"traceID": "4622654247954965321",
					"spanID": "453263762245300190",
					"operationName": "colbatchscan",
					"references": [
						{
							"refType": "CHILD_OF",
							"traceID": "4622654247954965321",
							"spanID": "4309863104111697037"
						}
					],
					"startTime": 1655260221227573,
					"duration": 37097,
					"tags": [
						{
							"key": "_verbose",
							"type": "STRING",
							"value": "1"
						},
						{
							"key": "node",
							"type": "STRING",
							"value": "3"
						},
						{
							"key": "client",
							"type": "STRING",
							"value": "10.142.0.156:58418"
						},
						{
							"key": "user",
							"type": "STRING",
							"value": "root"
						},
						{
							"key": "_unfinished",
							"type": "STRING",
							"value": "1"
						}
					],
					"logs": [
						{
							"timestamp": 1655260221227670,
							"fields": [
								{
									"key": "event",
									"type": "STRING",
									"value": "‹sql/row/kv_batch_fetcher.go:388 [n3,client=10.142.0.156:58418,user=root] Scan /Table/106/1/803/0›"
								}
							]
						}
					],
					"processID": "node 3",
					"warnings": null
				},
				{
					"traceID": "4622654247954965321",
					"spanID": "5099830313184292018",
					"operationName": "txn coordinator send",
					"references": [
						{
							"refType": "CHILD_OF",
							"traceID": "4622654247954965321",
							"spanID": "453263762245300190"
						}
					],
					"startTime": 1655260221227674,
					"duration": 27926,
					"tags": [
						{
							"key": "_verbose",
							"type": "STRING",
							"value": "1"
						},
						{
							"key": "node",
							"type": "STRING",
							"value": "3"
						},
						{
							"key": "client",
							"type": "STRING",
							"value": "10.142.0.156:58418"
						},
						{
							"key": "user",
							"type": "STRING",
							"value": "root"
						},
						{
							"key": "txnID",
							"type": "STRING",
							"value": "89fdf0a7-45d7-4756-8c10-bbff7528cfa3"
						}
					],
					"logs": [
						{
							"timestamp": 1655260221227722,
							"fields": [
								{
									"key": "event",
									"type": "STRING",
									"value": "‹kv/kvclient/kvcoord/txn_interceptor_heartbeater.go:284 [n3,client=10.142.0.156:58418,user=root,txn=89fdf0a7] coordinator spawns heartbeat loop›"
								}
							]
						},
						{
							"timestamp": 1655260221255595,
							"fields": [
								{
									"key": "event",
									"type": "STRING",
									"value": "‹kv/kvclient/kvcoord/txn_interceptor_span_refresher.go:567 [n3,client=10.142.0.156:58418,user=root,txn=89fdf0a7] recording span to refresh: /Table/106/1/803/0›"
								}
							]
						}
					],
					"processID": "node 3",
					"warnings": null
				},
				{
					"traceID": "4622654247954965321",
					"spanID": "691158094106100040",
					"operationName": "dist sender send",
					"references": [
						{
							"refType": "CHILD_OF",
							"traceID": "4622654247954965321",
							"spanID": "5099830313184292018"
						}
					],
					"startTime": 1655260221227743,
					"duration": 27645,
					"tags": [
						{
							"key": "_verbose",
							"type": "STRING",
							"value": "1"
						},
						{
							"key": "node",
							"type": "STRING",
							"value": "3"
						},
						{
							"key": "client",
							"type": "STRING",
							"value": "10.142.0.156:58418"
						},
						{
							"key": "user",
							"type": "STRING",
							"value": "root"
						},
						{
							"key": "txn",
							"type": "STRING",
							"value": "89fdf0a7"
						}
					],
					"logs": [
						{
							"timestamp": 1655260221227768,
							"fields": [
								{
									"key": "event",
									"type": "STRING",
									"value": "‹kv/kvclient/kvcoord/range_iter.go:175 [n3,client=10.142.0.156:58418,user=root,txn=89fdf0a7] querying next range at /Table/106/1/803/0›"
								}
							]
						},
						{
							"timestamp": 1655260221227824,
							"fields": [
								{
									"key": "event",
									"type": "STRING",
									"value": "‹kv/kvclient/kvcoord/dist_sender.go:2032 [n3,client=10.142.0.156:58418,user=root,txn=89fdf0a7] r69: sending batch 1 Get to (n1,s1):1›"
								}
							]
						},
						{
							"timestamp": 1655260221227845,
							"fields": [
								{
									"key": "event",
									"type": "STRING",
									"value": "‹rpc/nodedialer/nodedialer.go:163 [n3,client=10.142.0.156:58418,user=root,txn=89fdf0a7] sending request to 10.142.0.154:26257›"
								}
							]
						}
					],
					"processID": "node 3",
					"warnings": null
				},
				{
					"traceID": "4622654247954965321",
					"spanID": "3406533869178400772",
					"operationName": "/cockroach.roachpb.Internal/Batch",
					"references": [
						{
							"refType": "CHILD_OF",
							"traceID": "4622654247954965321",
							"spanID": "691158094106100040"
						}
					],
					"startTime": 1655260221227856,
					"duration": 27497,
					"tags": [
						{
							"key": "user",
							"type": "STRING",
							"value": "root"
						},
						{
							"key": "txn",
							"type": "STRING",
							"value": "89fdf0a7"
						},
						{
							"key": "span.kind",
							"type": "STRING",
							"value": "client"
						},
						{
							"key": "_verbose",
							"type": "STRING",
							"value": "1"
						},
						{
							"key": "node",
							"type": "STRING",
							"value": "3"
						},
						{
							"key": "client",
							"type": "STRING",
							"value": "10.142.0.156:58418"
						}
					],
					"logs": null,
					"processID": "node 3",
					"warnings": null
				},
				{
					"traceID": "4622654247954965321",
					"spanID": "924877178826182036",
					"operationName": "/cockroach.roachpb.Internal/Batch",
					"references": [
						{
							"refType": "CHILD_OF",
							"traceID": "4622654247954965321",
							"spanID": "691158094106100040"
						}
					],
					"startTime": 1655260221240557,
					"duration": 608,
					"tags": [
						{
							"key": "request",
							"type": "STRING",
							"value": "Get [/Table/106/1/803/0,/Min), [txn: 89fdf0a7], [can-forward-ts]"
						},
						{
							"key": "span.kind",
							"type": "STRING",
							"value": "server"
						},
						{
							"key": "_verbose",
							"type": "STRING",
							"value": "1"
						},
						{
							"key": "node",
							"type": "STRING",
							"value": "1"
						}
					],
					"logs": [
						{
							"timestamp": 1655260221240591,
							"fields": [
								{
									"key": "event",
									"type": "STRING",
									"value": "‹server/node.go:997 [n1] node received request: 1 Get›"
								}
							]
						},
						{
							"timestamp": 1655260221240647,
							"fields": [
								{
									"key": "event",
									"type": "STRING",
									"value": "‹kv/kvserver/store_send.go:157 [n1,s1] executing Get [/Table/106/1/803/0,/Min), [txn: 89fdf0a7], [can-forward-ts]›"
								}
							]
						},
						{
							"timestamp": 1655260221240667,
							"fields": [
								{
									"key": "event",
									"type": "STRING",
									"value": "‹kv/kvserver/replica_send.go:174 [n1,s1,r69/1:/Table/10{6/1-7}] read-only path›"
								}
							]
						},
						{
							"timestamp": 1655260221240688,
							"fields": [
								{
									"key": "event",
									"type": "STRING",
									"value": "‹kv/kvserver/concurrency/concurrency_manager.go:188 [n1,s1,r69/1:/Table/10{6/1-7}] sequencing request›"
								}
							]
						},
						{
							"timestamp": 1655260221240702,
							"fields": [
								{
									"key": "event",
									"type": "STRING",
									"value": "‹kv/kvserver/concurrency/concurrency_manager.go:260 [n1,s1,r69/1:/Table/10{6/1-7}] acquiring latches›"
								}
							]
						},
						{
							"timestamp": 1655260221240719,
							"fields": [
								{
									"key": "event",
									"type": "STRING",
									"value": "‹kv/kvserver/concurrency/concurrency_manager.go:301 [n1,s1,r69/1:/Table/10{6/1-7}] scanning lock table for conflicting locks›"
								}
							]
						},
						{
							"timestamp": 1655260221240740,
							"fields": [
								{
									"key": "event",
									"type": "STRING",
									"value": "‹kv/kvserver/replica_read.go:252 [n1,s1,r69/1:/Table/10{6/1-7}] executing read-only batch›"
								}
							]
						},
						{
							"timestamp": 1655260221240815,
							"fields": [
								{
									"key": "event",
									"type": "STRING",
									"value": "‹scan stats: stepped 0 times (0 internal); seeked 1 times (1 internal); block-bytes: (total 32 KiB, cached 32 KiB); points: (count 1 , key-bytes 28 B, value-bytes 43 B, tombstoned: 0 )›"
								}
							]
						},
						{
							"timestamp": 1655260221240955,
							"fields": [
								{
									"key": "event",
									"type": "STRING",
									"value": "‹scan stats: stepped 0 times (0 internal); seeked 2 times (2 internal); block-bytes: (total 50 KiB, cached 50 KiB); points: (count 2 , key-bytes 47 B, value-bytes 48 B, tombstoned: 0 )›"
								}
							]
						},
						{
							"timestamp": 1655260221241098,
							"fields": [
								{
									"key": "event",
									"type": "STRING",
									"value": "‹kv/kvserver/replica_evaluate.go:524 [n1,s1,r69/1:/Table/10{6/1-7}] evaluated Get command header:\u003ckey:\"\\362\\211\\367\\003#\\210\" \u003e key_locking:Exclusive , txn=\"sql txn\" meta={id=89fdf0a7 key=/Table/106/1/803/0 pri=0.05018008 epo=0 ts=1655260221.207511544,0 min=1655260221.207511544,0 seq=0} lock=true stat=PENDING rts=1655260221.207511544,0 wto=false gul=1655260221.707511544,0 : resp=header:\u003cnum_keys:1 num_bytes:48 \u003e value:\u003craw_bytes:\"7~v\\235\\n\u0026\\0019\\026\\00212\\026\\00219\\026\\00211\\026\\002TE\\026\\t090211111\\025\\003)\\007p\\025\\0064\\217+\\220\\253P\" timestamp:\u003cwall_time:1655260213861764715 \u003e \u003e , err=\u003cnil\u003e›"
								}
							]
						},
						{
							"timestamp": 1655260221241114,
							"fields": [
								{
									"key": "event",
									"type": "STRING",
									"value": "‹kv/kvserver/replica_read.go:334 [n1,s1,r69/1:/Table/10{6/1-7}] acquiring 1 unreplicated locks›"
								}
							]
						},
						{
							"timestamp": 1655260221241145,
							"fields": [
								{
									"key": "event",
									"type": "STRING",
									"value": "‹kv/kvserver/replica_read.go:187 [n1,s1,r69/1:/Table/10{6/1-7}] read completed›"
								}
							]
						}
					],
					"processID": "node 1",
					"warnings": null
				},
				{
					"traceID": "4622654247954965321",
					"spanID": "5184492843323898807",
					"operationName": "txn coordinator send",
					"references": [
						{
							"refType": "CHILD_OF",
							"traceID": "4622654247954965321",
							"spanID": "1185442108169696287"
						}
					],
					"startTime": 1655260221264689,
					"duration": 13960,
					"tags": [
						{
							"key": "_verbose",
							"type": "STRING",
							"value": "1"
						},
						{
							"key": "node",
							"type": "STRING",
							"value": "3"
						},
						{
							"key": "client",
							"type": "STRING",
							"value": "10.142.0.156:58418"
						},
						{
							"key": "user",
							"type": "STRING",
							"value": "root"
						},
						{
							"key": "txnID",
							"type": "STRING",
							"value": "89fdf0a7-45d7-4756-8c10-bbff7528cfa3"
						}
					],
					"logs": null,
					"processID": "node 3",
					"warnings": null
				},
				{
					"traceID": "4622654247954965321",
					"spanID": "6636139482562942799",
					"operationName": "dist sender send",
					"references": [
						{
							"refType": "CHILD_OF",
							"traceID": "4622654247954965321",
							"spanID": "5184492843323898807"
						}
					],
					"startTime": 1655260221264696,
					"duration": 13943,
					"tags": [
						{
							"key": "user",
							"type": "STRING",
							"value": "root"
						},
						{
							"key": "txn",
							"type": "STRING",
							"value": "89fdf0a7"
						},
						{
							"key": "_verbose",
							"type": "STRING",
							"value": "1"
						},
						{
							"key": "node",
							"type": "STRING",
							"value": "3"
						},
						{
							"key": "client",
							"type": "STRING",
							"value": "10.142.0.156:58418"
						}
					],
					"logs": [
						{
							"timestamp": 1655260221264728,
							"fields": [
								{
									"key": "event",
									"type": "STRING",
									"value": "‹kv/kvclient/kvcoord/range_iter.go:175 [n3,client=10.142.0.156:58418,user=root,txn=89fdf0a7] querying next range at /Table/106/1/803/0›"
								}
							]
						},
						{
							"timestamp": 1655260221264775,
							"fields": [
								{
									"key": "event",
									"type": "STRING",
									"value": "‹kv/kvclient/kvcoord/dist_sender.go:2032 [n3,client=10.142.0.156:58418,user=root,txn=89fdf0a7] r69: sending batch 1 Put to (n1,s1):1›"
								}
							]
						},
						{
							"timestamp": 1655260221264791,
							"fields": [
								{
									"key": "event",
									"type": "STRING",
									"value": "‹rpc/nodedialer/nodedialer.go:163 [n3,client=10.142.0.156:58418,user=root,txn=89fdf0a7] sending request to 10.142.0.154:26257›"
								}
							]
						}
					],
					"processID": "node 3",
					"warnings": null
				},
				{
					"traceID": "4622654247954965321",
					"spanID": "4211211922738081136",
					"operationName": "/cockroach.roachpb.Internal/Batch",
					"references": [
						{
							"refType": "CHILD_OF",
							"traceID": "4622654247954965321",
							"spanID": "6636139482562942799"
						}
					],
					"startTime": 1655260221264800,
					"duration": 13821,
					"tags": [
						{
							"key": "_verbose",
							"type": "STRING",
							"value": "1"
						},
						{
							"key": "node",
							"type": "STRING",
							"value": "3"
						},
						{
							"key": "client",
							"type": "STRING",
							"value": "10.142.0.156:58418"
						},
						{
							"key": "user",
							"type": "STRING",
							"value": "root"
						},
						{
							"key": "txn",
							"type": "STRING",
							"value": "89fdf0a7"
						},
						{
							"key": "span.kind",
							"type": "STRING",
							"value": "client"
						}
					],
					"logs": null,
					"processID": "node 3",
					"warnings": null
				},
				{
					"traceID": "4622654247954965321",
					"spanID": "7397413794511405173",
					"operationName": "/cockroach.roachpb.Internal/Batch",
					"references": [
						{
							"refType": "CHILD_OF",
							"traceID": "4622654247954965321",
							"spanID": "6636139482562942799"
						}
					],
					"startTime": 1655260221276773,
					"duration": 1278,
					"tags": [
						{
							"key": "_verbose",
							"type": "STRING",
							"value": "1"
						},
						{
							"key": "node",
							"type": "STRING",
							"value": "1"
						},
						{
							"key": "request",
							"type": "STRING",
							"value": "Put [/Table/106/1/803/0,/Min), [txn: 89fdf0a7]"
						},
						{
							"key": "span.kind",
							"type": "STRING",
							"value": "server"
						}
					],
					"logs": [
						{
							"timestamp": 1655260221276794,
							"fields": [
								{
									"key": "event",
									"type": "STRING",
									"value": "‹server/node.go:997 [n1] node received request: 1 Put›"
								}
							]
						},
						{
							"timestamp": 1655260221276837,
							"fields": [
								{
									"key": "event",
									"type": "STRING",
									"value": "‹kv/kvserver/store_send.go:157 [n1,s1] executing Put [/Table/106/1/803/0,/Min), [txn: 89fdf0a7]›"
								}
							]
						},
						{
							"timestamp": 1655260221276875,
							"fields": [
								{
									"key": "event",
									"type": "STRING",
									"value": "‹kv/kvserver/replica_send.go:178 [n1,s1,r69/1:/Table/10{6/1-7}] read-write path›"
								}
							]
						},
						{
							"timestamp": 1655260221276892,
							"fields": [
								{
									"key": "event",
									"type": "STRING",
									"value": "‹kv/kvserver/concurrency/concurrency_manager.go:188 [n1,s1,r69/1:/Table/10{6/1-7}] sequencing request›"
								}
							]
						},
						{
							"timestamp": 1655260221276903,
							"fields": [
								{
									"key": "event",
									"type": "STRING",
									"value": "‹kv/kvserver/concurrency/concurrency_manager.go:260 [n1,s1,r69/1:/Table/10{6/1-7}] acquiring latches›"
								}
							]
						},
						{
							"timestamp": 1655260221276920,
							"fields": [
								{
									"key": "event",
									"type": "STRING",
									"value": "‹kv/kvserver/concurrency/concurrency_manager.go:301 [n1,s1,r69/1:/Table/10{6/1-7}] scanning lock table for conflicting locks›"
								}
							]
						},
						{
							"timestamp": 1655260221276942,
							"fields": [
								{
									"key": "event",
									"type": "STRING",
									"value": "‹kv/kvserver/replica_write.go:156 [n1,s1,r69/1:/Table/10{6/1-7}] applied timestamp cache›"
								}
							]
						},
						{
							"timestamp": 1655260221276954,
							"fields": [
								{
									"key": "event",
									"type": "STRING",
									"value": "‹kv/kvserver/replica_write.go:389 [n1,s1,r69/1:/Table/10{6/1-7}] executing read-write batch›"
								}
							]
						},
						{
							"timestamp": 1655260221277759,
							"fields": [
								{
									"key": "event",
									"type": "STRING",
									"value": "‹scan stats: stepped 0 times (0 internal); seeked 1 times (1 internal); block-bytes: (total 32 KiB, cached 32 KiB); points: (count 1 , key-bytes 28 B, value-bytes 43 B, tombstoned: 0 )›"
								}
							]
						},
						{
							"timestamp": 1655260221277972,
							"fields": [
								{
									"key": "event",
									"type": "STRING",
									"value": "‹kv/kvserver/replica_evaluate.go:524 [n1,s1,r69/1:/Table/10{6/1-7}] evaluated Put command header:\u003ckey:\"\\362\\211\\367\\003#\\210\" sequence:1 \u003e value:\u003craw_bytes:\"\\347[\\3101\\n\u0026\\0019\\026\\00212\\026\\00219\\026\\00211\\026\\002TE\\026\\t090211111\\025\\003)\\007p\\025\\0064\\217+\\221\\020\\360\" timestamp:\u003c\u003e \u003e , txn=\"sql txn\" meta={id=89fdf0a7 key=/Table/106/1/803/0 pri=0.05018008 epo=0 ts=1655260221.207511544,0 min=1655260221.207511544,0 seq=1} lock=true stat=PENDING rts=1655260221.207511544,0 wto=false gul=1655260221.707511544,0 : resp=header:\u003c\u003e , err=\u003cnil\u003e›"
								}
							]
						},
						{
							"timestamp": 1655260221277991,
							"fields": [
								{
									"key": "event",
									"type": "STRING",
									"value": "‹kv/kvserver/replica_proposal.go:708 [n1,s1,r69/1:/Table/10{6/1-7}] need consensus on write batch with op count=2›"
								}
							]
						},
						{
							"timestamp": 1655260221278017,
							"fields": [
								{
									"key": "event",
									"type": "STRING",
									"value": "‹kv/kvserver/replica_raft.go:114 [n1,s1,r69/1:/Table/10{6/1-7}] evaluated request›"
								}
							]
						},
						{
							"timestamp": 1655260221278031,
							"fields": [
								{
									"key": "event",
									"type": "STRING",
									"value": "‹kv/kvserver/replica_raft.go:158 [n1,s1,r69/1:/Table/10{6/1-7}] proposing command to write 0 new keys, 1 new values, 1 new intents, write batch size=198 bytes›"
								}
							]
						}
					],
					"processID": "node 1",
					"warnings": null
				}
			],
			"processes": {
				"node 1": {
					"serviceName": "node 1",
					"tags": null
				},
				"node 3": {
					"serviceName": "node 3",
					"tags": null
				}
			},
			"warnings": null
		}
	]
}