{
  "events": [
    {
      "timestamp": "2023-12-20T17:56:10.792172Z",
      "event_type": "node_restart",
      "reporting_id": 1,
      "info": "{\"EventType\":\"node_restart\",\"LastUp\":1703094967755862000,\"NodeID\":1,\"StartedAt\":1703094969007535600,\"Timestamp\":1703094970792171500}",
      "unique_id": "MbmWcwHCRVi/780g5QTaXA=="
    },
    {
      "timestamp": "2023-12-20T16:42:54.124476Z",
      "event_type": "set_cluster_setting",
      "reporting_id": 1,
      "info": "{\"ApplicationName\":\"$ cockroach sql\",\"EventType\":\"set_cluster_setting\",\"SettingName\":\"kv.rangefeed.enabled\",\"Statement\":\"\\u003chidden\\u003e\",\"Tag\":\"SET CLUSTER SETTING\",\"Timestamp\":1703090574124475600,\"User\":\"root\",\"Value\":\"\\u003chidden\\u003e\"}",
      "unique_id": "XQzLdQPvSiO3SExfe3vSXQ=="
    },
    {
      "timestamp": "2023-12-20T16:36:43.203891Z",
      "event_type": "create_table",
      "reporting_id": 1,
      "info": "{\"ApplicationName\":\"kv\",\"DescriptorID\":106,\"EventType\":\"create_table\",\"Statement\":\"\\u003chidden\\u003e\",\"TableName\":\"kv.public.kv\",\"Tag\":\"CREATE TABLE\",\"Timestamp\":1703090203203891500,\"User\":\"root\"}",
      "unique_id": "gEagjUaBTiyu8CXJGVPh+Q=="
    },
    {
      "timestamp": "2023-12-20T16:29:59.057745Z",
      "event_type": "create_database",
      "reporting_id": 1,
      "info": "{\"ApplicationName\":\"$ cockroach sql\",\"DatabaseName\":\"kv\",\"DescriptorID\":104,\"EventType\":\"create_database\",\"Statement\":\"\\u003chidden\\u003e\",\"Tag\":\"CREATE DATABASE\",\"Timestamp\":1703089799057745200,\"User\":\"root\"}",
      "unique_id": "rYRGBBBPQAGt3HO7yCJD0g=="
    },
    {
      "timestamp": "2023-12-20T16:13:38.950647Z",
      "event_type": "node_join",
      "reporting_id": 3,
      "info": "{\"EventType\":\"node_join\",\"LastUp\":1703088818891792000,\"NodeID\":3,\"StartedAt\":1703088818891792000,\"Timestamp\":1703088818950647000}",
      "unique_id": "F9+vSPypTJOJPnF0vQggbw=="
    },
    {
      "timestamp": "2023-12-20T16:13:35.88196Z",
      "event_type": "node_join",
      "reporting_id": 2,
      "info": "{\"EventType\":\"node_join\",\"LastUp\":1703088815819273500,\"NodeID\":2,\"StartedAt\":1703088815819273500,\"Timestamp\":1703088815881960200}",
      "unique_id": "YWypZv34T7Kd2xYhcDevTA=="
    },
    {
      "timestamp": "2023-12-20T16:13:32.810249Z",
      "event_type": "set_cluster_setting",
      "reporting_id": 1,
      "info": "{\"ApplicationName\":\"$ cockroach sql\",\"EventType\":\"set_cluster_setting\",\"SettingName\":\"cluster.organization\",\"Statement\":\"\\u003chidden\\u003e\",\"Tag\":\"SET CLUSTER SETTING\",\"Timestamp\":1703088812810248700,\"User\":\"root\",\"Value\":\"\\u003chidden\\u003e\"}",
      "unique_id": "ohQSMU2STB+3zVf8Ayirsw=="
    },
    {
      "timestamp": "2023-12-20T16:13:32.806801Z",
      "event_type": "set_cluster_setting",
      "reporting_id": 1,
      "info": "{\"ApplicationName\":\"$ cockroach sql\",\"EventType\":\"set_cluster_setting\",\"SettingName\":\"enterprise.license\",\"Statement\":\"\\u003chidden\\u003e\",\"Tag\":\"SET CLUSTER SETTING\",\"Timestamp\":1703088812806801200,\"User\":\"root\",\"Value\":\"\\u003chidden\\u003e\"}",
      "unique_id": "zBAWXWsvRKS2tmdVQPJb7Q=="
    },
    {
      "timestamp": "2023-12-20T16:13:32.670909Z",
      "event_type": "set_zone_config",
      "reporting_id": 1,
      "info": "{\"ApplicationName\":\"$ internal-set-SQLStatsTables-TTL\",\"DescriptorID\":61,\"EventType\":\"set_zone_config\",\"Options\":[\"\\\"gc.ttlseconds\\\" = 3600\"],\"PlaceholderValues\":[\"3600\"],\"Statement\":\"\\u003chidden\\u003e\",\"Tag\":\"CONFIGURE ZONE\",\"Target\":\"TABLE system.public.transaction_activity\",\"Timestamp\":1703088812670909000,\"User\":\"root\"}",
      "unique_id": "BVudqP1+TgC02/3WVatqeA=="
    },
    {
      "timestamp": "2023-12-20T16:13:32.668256Z",
      "event_type": "set_zone_config",
      "reporting_id": 1,
      "info": "{\"ApplicationName\":\"$ internal-set-SQLStatsTables-TTL\",\"DescriptorID\":60,\"EventType\":\"set_zone_config\",\"Options\":[\"\\\"gc.ttlseconds\\\" = 3600\"],\"PlaceholderValues\":[\"3600\"],\"Statement\":\"\\u003chidden\\u003e\",\"Tag\":\"CONFIGURE ZONE\",\"Target\":\"TABLE system.public.statement_activity\",\"Timestamp\":1703088812668255500,\"User\":\"root\"}",
      "unique_id": "7twfaMaiR8aBKUr0Upockg=="
    },
    {
      "timestamp": "2023-12-20T16:13:32.664165Z",
      "event_type": "set_zone_config",
      "reporting_id": 1,
      "info": "{\"ApplicationName\":\"$ internal-set-SQLStatsTables-TTL\",\"DescriptorID\":43,\"EventType\":\"set_zone_config\",\"Options\":[\"\\\"gc.ttlseconds\\\" = 3600\"],\"PlaceholderValues\":[\"3600\"],\"Statement\":\"\\u003chidden\\u003e\",\"Tag\":\"CONFIGURE ZONE\",\"Target\":\"TABLE system.public.transaction_statistics\",\"Timestamp\":1703088812664164900,\"User\":\"root\"}",
      "unique_id": "wrI6msiTRuqUnIJQX/GCDw=="
    },
    {
      "timestamp": "2023-12-20T16:13:32.660471Z",
      "event_type": "set_zone_config",
      "reporting_id": 1,
      "info": "{\"ApplicationName\":\"$ internal-set-SQLStatsTables-TTL\",\"DescriptorID\":42,\"EventType\":\"set_zone_config\",\"Options\":[\"\\\"gc.ttlseconds\\\" = 3600\"],\"PlaceholderValues\":[\"3600\"],\"Statement\":\"\\u003chidden\\u003e\",\"Tag\":\"CONFIGURE ZONE\",\"Target\":\"TABLE system.public.statement_statistics\",\"Timestamp\":1703088812660471000,\"User\":\"root\"}",
      "unique_id": "+FKkkaajRRm+ABFFqI8olA=="
    },
    {
      "timestamp": "2023-12-20T16:13:32.464518Z",
      "event_type": "set_zone_config",
      "reporting_id": 1,
      "info": "{\"ApplicationName\":\"$ internal-set-SpanStatsTenantBoundariesTable-TTL\",\"DescriptorID\":57,\"EventType\":\"set_zone_config\",\"Options\":[\"\\\"gc.ttlseconds\\\" = 3600\"],\"PlaceholderValues\":[\"3600\"],\"Statement\":\"\\u003chidden\\u003e\",\"Tag\":\"CONFIGURE ZONE\",\"Target\":\"TABLE system.public.span_stats_tenant_boundaries\",\"Timestamp\":1703088812464518400,\"User\":\"root\"}",
      "unique_id": "G4G6bSJ7Qv+Xa4lybdN76g=="
    },
    {
      "timestamp": "2023-12-20T16:13:32.34532Z",
      "event_type": "create_database",
      "reporting_id": 1,
      "info": "{\"ApplicationName\":\"$ internal-create-default-DB\",\"DatabaseName\":\"postgres\",\"DescriptorID\":102,\"EventType\":\"create_database\",\"Statement\":\"\\u003chidden\\u003e\",\"Tag\":\"CREATE DATABASE\",\"Timestamp\":1703088812345320000,\"User\":\"root\"}",
      "unique_id": "8u6HIyZKQmmV/AvSLWf47g=="
    },
    {
      "timestamp": "2023-12-20T16:13:32.338567Z",
      "event_type": "create_database",
      "reporting_id": 1,
      "info": "{\"ApplicationName\":\"$ internal-create-default-DB\",\"DatabaseName\":\"defaultdb\",\"DescriptorID\":100,\"EventType\":\"create_database\",\"Statement\":\"\\u003chidden\\u003e\",\"Tag\":\"CREATE DATABASE\",\"Timestamp\":1703088812338567400,\"User\":\"root\"}",
      "unique_id": "8D7QODnyT6SSsTkzctpliw=="
    },
    {
      "timestamp": "2023-12-20T16:13:29.152706Z",
      "event_type": "node_join",
      "reporting_id": 1,
      "info": "{\"EventType\":\"node_join\",\"LastUp\":1703088808810967800,\"NodeID\":1,\"StartedAt\":1703088808810967800,\"Timestamp\":1703088809152706300}",
      "unique_id": "+LO8kNoKRAe4VFYi0powzw=="
    }
  ]
}
